file_name,relative_path,dataset_type,fault_type,rows,columns,has_anomaly_state,pre_anomaly_rows,anomaly_rows,missing_target_rows,missing_cells,column_names
AC_Fouling_40_Load.csv,data\raw\Marine_Engine_Fault_Data\Marine_Engine_Fault_Data\AC_Fouling\AC_Fouling_40_Load.csv,scenario,air_cooler_fouling,4680,73,True,1218,3460,2,4,Time_abs | Time_rel | Anomaly State | Engine Speed | Compressor Filter Loss | Turbine Back Pressure | Max. In-Cylinder Press. No.1 | Min. In-Cylinder Press. No.1 | Max. In-Cylinder Press. No.2 | Min. In-Cylinder Press. No.2 | Max. In-Cylinder Press. No.3 | Min. In-Cylinder Press. No.3 | Charge Air Press. | Water Brake Weight | Fuel Flow | No.1 Exh.Gas Temp. | No.2 Exh.Gas Temp. | No.3 Exh.Gas Temp. | Exh.Gas Temp. Turbine In | Exh.Gas Temp. Turbine Out | Cooling Water Temp. Engine In | Cooling Water Temp. Engine Out I | Cooling Water Temp. Engine Out II | Cooling Water Temp. Engine Out III | LO Temp. Engine In | LO Temp. Engine Out | LO Cooling Water Temp. In | LO Cooling Water Temp. Out | Charge Air IC Air Temp. In | Charge Air IC Air Temp. Out | Charge Air IC Cooling Water Temp. In | Charge Air IC Cooling Water Temp. Out | Fuel Temp. | LO Temp. TCH In | LO Temp. TCH Out | Fuel Oil Temp. Flow meter In | Engine room Temp. | LO Circulating Pump Press. | Fuel transfer pump Press. | Fresh Cooling Water Press. | Sea Cooling Water Press. | TCH LO pump Press. | Fuel Injector Cooling Oil Press. | Engine Cooling water flow | LO Cooling water flow | Charge Air IC Cooling water flow | TCH LO Cooling water flow | Total Input Energy | Indicated Work No.1 | Indicated Work No.2 | Indicated Work No.3 | Total Indicated work | Effective Work No.1 | Effective Work No.2 | Effective Work No.3 | Total Effective Work | Shaft Torque | Shaft Power | Mechanical Loss | Loss with cooling water | Loss with LO | Loss in Charge Air IC | Loss with TCH LO | Total Heat Loss in Heat Exchangers | Exh.Gas Vol. Flow (From Engine Speed) | Exh. Gas Mass Flow | Exh.Gas Total Power | TCH Power | Exh.Gas Power | Other Loss | Mechanical Efficiency | Indicated Efficiency | Effective Efficiency
AC_Fouling_60_Load.csv,data\raw\Marine_Engine_Fault_Data\Marine_Engine_Fault_Data\AC_Fouling\AC_Fouling_60_Load.csv,scenario,air_cooler_fouling,6700,73,True,2057,4641,2,4,Time_abs | Time_rel | Anomaly State | Engine Speed | Compressor Filter Loss | Turbine Back Pressure | Max. In-Cylinder Press. No.1 | Min. In-Cylinder Press. No.1 | Max. In-Cylinder Press. No.2 | Min. In-Cylinder Press. No.2 | Max. In-Cylinder Press. No.3 | Min. In-Cylinder Press. No.3 | Charge Air Press. | Water Brake Weight | Fuel Flow | No.1 Exh.Gas Temp. | No.2 Exh.Gas Temp. | No.3 Exh.Gas Temp. | Exh.Gas Temp. Turbine In | Exh.Gas Temp. Turbine Out | Cooling Water Temp. Engine In | Cooling Water Temp. Engine Out I | Cooling Water Temp. Engine Out II | Cooling Water Temp. Engine Out III | LO Temp. Engine In | LO Temp. Engine Out | LO Cooling Water Temp. In | LO Cooling Water Temp. Out | Charge Air IC Air Temp. In | Charge Air IC Air Temp. Out | Charge Air IC Cooling Water Temp. In | Charge Air IC Cooling Water Temp. Out | Fuel Temp. | LO Temp. TCH In | LO Temp. TCH Out | Fuel Oil Temp. Flow meter In | Engine room Temp. | LO Circulating Pump Press. | Fuel transfer pump Press. | Fresh Cooling Water Press. | Sea Cooling Water Press. | TCH LO pump Press. | Fuel Injector Cooling Oil Press. | Engine Cooling water flow | LO Cooling water flow | Charge Air IC Cooling water flow | TCH LO Cooling water flow | Total Input Energy | Indicated Work No.1 | Indicated Work No.2 | Indicated Work No.3 | Total Indicated work | Effective Work No.1 | Effective Work No.2 | Effective Work No.3 | Total Effective Work | Shaft Torque | Shaft Power | Mechanical Loss | Loss with cooling water | Loss with LO | Loss in Charge Air IC | Loss with TCH LO | Total Heat Loss in Heat Exchangers | Exh.Gas Vol. Flow (From Engine Speed) | Exh. Gas Mass Flow | Exh.Gas Total Power | TCH Power | Exh.Gas Power | Other Loss | Mechanical Efficiency | Indicated Efficiency | Effective Efficiency
AC_Fouling_75_Load.csv,data\raw\Marine_Engine_Fault_Data\Marine_Engine_Fault_Data\AC_Fouling\AC_Fouling_75_Load.csv,scenario,air_cooler_fouling,6356,73,True,1665,4689,2,4,Time_abs | Time_rel | Anomaly State | Engine Speed | Compressor Filter Loss | Turbine Back Pressure | Max. In-Cylinder Press. No.1 | Min. In-Cylinder Press. No.1 | Max. In-Cylinder Press. No.2 | Min. In-Cylinder Press. No.2 | Max. In-Cylinder Press. No.3 | Min. In-Cylinder Press. No.3 | Charge Air Press. | Water Brake Weight | Fuel Flow | No.1 Exh.Gas Temp. | No.2 Exh.Gas Temp. | No.3 Exh.Gas Temp. | Exh.Gas Temp. Turbine In | Exh.Gas Temp. Turbine Out | Cooling Water Temp. Engine In | Cooling Water Temp. Engine Out I | Cooling Water Temp. Engine Out II | Cooling Water Temp. Engine Out III | LO Temp. Engine In | LO Temp. Engine Out | LO Cooling Water Temp. In | LO Cooling Water Temp. Out | Charge Air IC Air Temp. In | Charge Air IC Air Temp. Out | Charge Air IC Cooling Water Temp. In | Charge Air IC Cooling Water Temp. Out | Fuel Temp. | LO Temp. TCH In | LO Temp. TCH Out | Fuel Oil Temp. Flow meter In | Engine room Temp. | LO Circulating Pump Press. | Fuel transfer pump Press. | Fresh Cooling Water Press. | Sea Cooling Water Press. | TCH LO pump Press. | Fuel Injector Cooling Oil Press. | Engine Cooling water flow | LO Cooling water flow | Charge Air IC Cooling water flow | TCH LO Cooling water flow | Total Input Energy | Indicated Work No.1 | Indicated Work No.2 | Indicated Work No.3 | Total Indicated work | Effective Work No.1 | Effective Work No.2 | Effective Work No.3 | Total Effective Work | Shaft Torque | Shaft Power | Mechanical Loss | Loss with cooling water | Loss with LO | Loss in Charge Air IC | Loss with TCH LO | Total Heat Loss in Heat Exchangers | Exh.Gas Vol. Flow (From Engine Speed) | Exh. Gas Mass Flow | Exh.Gas Total Power | TCH Power | Exh.Gas Power | Other Loss | Mechanical Efficiency | Indicated Efficiency | Effective Efficiency
AC_Fouling_85_Load.csv,data\raw\Marine_Engine_Fault_Data\Marine_Engine_Fault_Data\AC_Fouling\AC_Fouling_85_Load.csv,scenario,air_cooler_fouling,5803,73,True,1091,4710,2,11606,Time_abs | Time_rel | Anomaly State | Engine Speed | Compressor Filter Loss | Turbine Back Pressure | Max. In-Cylinder Press. No.1 | Min. In-Cylinder Press. No.1 | Max. In-Cylinder Press. No.2 | Min. In-Cylinder Press. No.2 | Max. In-Cylinder Press. No.3 | Min. In-Cylinder Press. No.3 | Charge Air Press. | Water Brake Weight | Fuel Flow | No.1 Exh.Gas Temp. | No.2 Exh.Gas Temp. | No.3 Exh.Gas Temp. | Exh.Gas Temp. Turbine In | Exh.Gas Temp. Turbine Out | Cooling Water Temp. Engine In | Cooling Water Temp. Engine Out I | Cooling Water Temp. Engine Out II | Cooling Water Temp. Engine Out III | LO Temp. Engine In | LO Temp. Engine Out | LO Cooling Water Temp. In | LO Cooling Water Temp. Out | Charge Air IC Air Temp. In | Charge Air IC Air Temp. Out | Charge Air IC Cooling Water Temp. In | Charge Air IC Cooling Water Temp. Out | Fuel Temp. | LO Temp. TCH In | LO Temp. TCH Out | Fuel Oil Temp. Flow meter In | Engine room Temp. | LO Circulating Pump Press. | Fuel transfer pump Press. | Fresh Cooling Water Press. | Sea Cooling Water Press. | TCH LO pump Press. | Fuel Injector Cooling Oil Press. | Engine Cooling water flow | LO Cooling water flow | Charge Air IC Cooling water flow | TCH LO Cooling water flow | Total Input Energy | Indicated Work No.1 | Indicated Work No.2 | Indicated Work No.3 | Total Indicated work | Effective Work No.1 | Effective Work No.2 | Effective Work No.3 | Total Effective Work | Shaft Torque | Shaft Power | Mechanical Loss | Loss with cooling water | Loss with LO | Loss in Charge Air IC | Loss with TCH LO | Total Heat Loss in Heat Exchangers | Exh.Gas Vol. Flow (From Engine Speed) | Exh. Gas Mass Flow | Exh.Gas Total Power | TCH Power | Exh.Gas Power | Other Loss | Mechanical Efficiency | Indicated Efficiency | Effective Efficiency
AF_Clogging_40_Load.csv,data\raw\Marine_Engine_Fault_Data\Marine_Engine_Fault_Data\AF_Clogging\AF_Clogging_40_Load.csv,scenario,air_filter_clogging,4822,73,True,1690,3130,2,4,Time_abs | Time_rel | Anomaly State | Engine Speed | Compressor Filter Loss | Turbine Back Pressure | Max. In-Cylinder Press. No.1 | Min. In-Cylinder Press. No.1 | Max. In-Cylinder Press. No.2 | Min. In-Cylinder Press. No.2 | Max. In-Cylinder Press. No.3 | Min. In-Cylinder Press. No.3 | Charge Air Press. | Water Brake Weight | Fuel Flow | No.1 Exh.Gas Temp. | No.2 Exh.Gas Temp. | No.3 Exh.Gas Temp. | Exh.Gas Temp. Turbine In | Exh.Gas Temp. Turbine Out | Cooling Water Temp. Engine In | Cooling Water Temp. Engine Out I | Cooling Water Temp. Engine Out II | Cooling Water Temp. Engine Out III | LO Temp. Engine In | LO Temp. Engine Out | LO Cooling Water Temp. In | LO Cooling Water Temp. Out | Charge Air IC Air Temp. In | Charge Air IC Air Temp. Out | Charge Air IC Cooling Water Temp. In | Charge Air IC Cooling Water Temp. Out | Fuel Temp. | LO Temp. TCH In | LO Temp. TCH Out | Fuel Oil Temp. Flow meter In | Engine room Temp. | LO Circulating Pump Press. | Fuel transfer pump Press. | Fresh Cooling Water Press. | Sea Cooling Water Press. | TCH LO pump Press. | Fuel Injector Cooling Oil Press. | Engine Cooling water flow | LO Cooling water flow | Charge Air IC Cooling water flow | TCH LO Cooling water flow | Total Input Energy | Indicated Work No.1 | Indicated Work No.2 | Indicated Work No.3 | Total Indicated work | Effective Work No.1 | Effective Work No.2 | Effective Work No.3 | Total Effective Work | Shaft Torque | Shaft Power | Mechanical Loss | Loss with cooling water | Loss with LO | Loss in Charge Air IC | Loss with TCH LO | Total Heat Loss in Heat Exchangers | Exh.Gas Vol. Flow (From Engine Speed) | Exh. Gas Mass Flow | Exh.Gas Total Power | TCH Power | Exh.Gas Power | Other Loss | Mechanical Efficiency | Indicated Efficiency | Effective Efficiency
AF_Clogging_60_Load.csv,data\raw\Marine_Engine_Fault_Data\Marine_Engine_Fault_Data\AF_Clogging\AF_Clogging_60_Load.csv,scenario,air_filter_clogging,6821,73,True,2095,4724,2,4,Time_abs | Time_rel | Anomaly State | Engine Speed | Compressor Filter Loss | Turbine Back Pressure | Max. In-Cylinder Press. No.1 | Min. In-Cylinder Press. No.1 | Max. In-Cylinder Press. No.2 | Min. In-Cylinder Press. No.2 | Max. In-Cylinder Press. No.3 | Min. In-Cylinder Press. No.3 | Charge Air Press. | Water Brake Weight | Fuel Flow | No.1 Exh.Gas Temp. | No.2 Exh.Gas Temp. | No.3 Exh.Gas Temp. | Exh.Gas Temp. Turbine In | Exh.Gas Temp. Turbine Out | Cooling Water Temp. Engine In | Cooling Water Temp. Engine Out I | Cooling Water Temp. Engine Out II | Cooling Water Temp. Engine Out III | LO Temp. Engine In | LO Temp. Engine Out | LO Cooling Water Temp. In | LO Cooling Water Temp. Out | Charge Air IC Air Temp. In | Charge Air IC Air Temp. Out | Charge Air IC Cooling Water Temp. In | Charge Air IC Cooling Water Temp. Out | Fuel Temp. | LO Temp. TCH In | LO Temp. TCH Out | Fuel Oil Temp. Flow meter In | Engine room Temp. | LO Circulating Pump Press. | Fuel transfer pump Press. | Fresh Cooling Water Press. | Sea Cooling Water Press. | TCH LO pump Press. | Fuel Injector Cooling Oil Press. | Engine Cooling water flow | LO Cooling water flow | Charge Air IC Cooling water flow | TCH LO Cooling water flow | Total Input Energy | Indicated Work No.1 | Indicated Work No.2 | Indicated Work No.3 | Total Indicated work | Effective Work No.1 | Effective Work No.2 | Effective Work No.3 | Total Effective Work | Shaft Torque | Shaft Power | Mechanical Loss | Loss with cooling water | Loss with LO | Loss in Charge Air IC | Loss with TCH LO | Total Heat Loss in Heat Exchangers | Exh.Gas Vol. Flow (From Engine Speed) | Exh. Gas Mass Flow | Exh.Gas Total Power | TCH Power | Exh.Gas Power | Other Loss | Mechanical Efficiency | Indicated Efficiency | Effective Efficiency
AF_Clogging_75_Load.csv,data\raw\Marine_Engine_Fault_Data\Marine_Engine_Fault_Data\AF_Clogging\AF_Clogging_75_Load.csv,scenario,air_filter_clogging,5920,73,True,2368,3550,2,4,Time_abs | Time_rel | Anomaly State | Engine Speed | Compressor Filter Loss | Turbine Back Pressure | Max. In-Cylinder Press. No.1 | Min. In-Cylinder Press. No.1 | Max. In-Cylinder Press. No.2 | Min. In-Cylinder Press. No.2 | Max. In-Cylinder Press. No.3 | Min. In-Cylinder Press. No.3 | Charge Air Press. | Water Brake Weight | Fuel Flow | No.1 Exh.Gas Temp. | No.2 Exh.Gas Temp. | No.3 Exh.Gas Temp. | Exh.Gas Temp. Turbine In | Exh.Gas Temp. Turbine Out | Cooling Water Temp. Engine In | Cooling Water Temp. Engine Out I | Cooling Water Temp. Engine Out II | Cooling Water Temp. Engine Out III | LO Temp. Engine In | LO Temp. Engine Out | LO Cooling Water Temp. In | LO Cooling Water Temp. Out | Charge Air IC Air Temp. In | Charge Air IC Air Temp. Out | Charge Air IC Cooling Water Temp. In | Charge Air IC Cooling Water Temp. Out | Fuel Temp. | LO Temp. TCH In | LO Temp. TCH Out | Fuel Oil Temp. Flow meter In | Engine room Temp. | LO Circulating Pump Press. | Fuel transfer pump Press. | Fresh Cooling Water Press. | Sea Cooling Water Press. | TCH LO pump Press. | Fuel Injector Cooling Oil Press. | Engine Cooling water flow | LO Cooling water flow | Charge Air IC Cooling water flow | TCH LO Cooling water flow | Total Input Energy | Indicated Work No.1 | Indicated Work No.2 | Indicated Work No.3 | Total Indicated work | Effective Work No.1 | Effective Work No.2 | Effective Work No.3 | Total Effective Work | Shaft Torque | Shaft Power | Mechanical Loss | Loss with cooling water | Loss with LO | Loss in Charge Air IC | Loss with TCH LO | Total Heat Loss in Heat Exchangers | Exh.Gas Vol. Flow (From Engine Speed) | Exh. Gas Mass Flow | Exh.Gas Total Power | TCH Power | Exh.Gas Power | Other Loss | Mechanical Efficiency | Indicated Efficiency | Effective Efficiency
AF_Clogging_85_Load.csv,data\raw\Marine_Engine_Fault_Data\Marine_Engine_Fault_Data\AF_Clogging\AF_Clogging_85_Load.csv,scenario,air_filter_clogging,6400,73,True,2728,3670,2,4,Time_abs | Time_rel | Anomaly State | Engine Speed | Compressor Filter Loss | Turbine Back Pressure | Max. In-Cylinder Press. No.1 | Min. In-Cylinder Press. No.1 | Max. In-Cylinder Press. No.2 | Min. In-Cylinder Press. No.2 | Max. In-Cylinder Press. No.3 | Min. In-Cylinder Press. No.3 | Charge Air Press. | Water Brake Weight | Fuel Flow | No.1 Exh.Gas Temp. | No.2 Exh.Gas Temp. | No.3 Exh.Gas Temp. | Exh.Gas Temp. Turbine In | Exh.Gas Temp. Turbine Out | Cooling Water Temp. Engine In | Cooling Water Temp. Engine Out I | Cooling Water Temp. Engine Out II | Cooling Water Temp. Engine Out III | LO Temp. Engine In | LO Temp. Engine Out | LO Cooling Water Temp. In | LO Cooling Water Temp. Out | Charge Air IC Air Temp. In | Charge Air IC Air Temp. Out | Charge Air IC Cooling Water Temp. In | Charge Air IC Cooling Water Temp. Out | Fuel Temp. | LO Temp. TCH In | LO Temp. TCH Out | Fuel Oil Temp. Flow meter In | Engine room Temp. | LO Circulating Pump Press. | Fuel transfer pump Press. | Fresh Cooling Water Press. | Sea Cooling Water Press. | TCH LO pump Press. | Fuel Injector Cooling Oil Press. | Engine Cooling water flow | LO Cooling water flow | Charge Air IC Cooling water flow | TCH LO Cooling water flow | Total Input Energy | Indicated Work No.1 | Indicated Work No.2 | Indicated Work No.3 | Total Indicated work | Effective Work No.1 | Effective Work No.2 | Effective Work No.3 | Total Effective Work | Shaft Torque | Shaft Power | Mechanical Loss | Loss with cooling water | Loss with LO | Loss in Charge Air IC | Loss with TCH LO | Total Heat Loss in Heat Exchangers | Exh.Gas Vol. Flow (From Engine Speed) | Exh. Gas Mass Flow | Exh.Gas Total Power | TCH Power | Exh.Gas Power | Other Loss | Mechanical Efficiency | Indicated Efficiency | Effective Efficiency
Clogged_Injector_Nozzle1_40_60_85_Load.csv,data\raw\Marine_Engine_Fault_Data\Marine_Engine_Fault_Data\Injector_Nozzle\Clogged_Injector_Nozzle1_40_60_85_Load.csv,scenario,injection_valve_nozzle_clogging,6494,73,True,0,6492,2,12988,Time_abs | Time_rel | Anomaly State | Engine Speed | Compressor Filter Loss | Turbine Back Pressure | Max. In-Cylinder Press. No.1 | Min. In-Cylinder Press. No.1 | Max. In-Cylinder Press. No.2 | Min. In-Cylinder Press. No.2 | Max. In-Cylinder Press. No.3 | Min. In-Cylinder Press. No.3 | Charge Air Press. | Water Brake Weight | Fuel Flow | No.1 Exh.Gas Temp. | No.2 Exh.Gas Temp. | No.3 Exh.Gas Temp. | Exh.Gas Temp. Turbine In | Exh.Gas Temp. Turbine Out | Cooling Water Temp. Engine In | Cooling Water Temp. Engine Out I | Cooling Water Temp. Engine Out II | Cooling Water Temp. Engine Out III | LO Temp. Engine In | LO Temp. Engine Out | LO Cooling Water Temp. In | LO Cooling Water Temp. Out | Charge Air IC Air Temp. In | Charge Air IC Air Temp. Out | Charge Air IC Cooling Water Temp. In | Charge Air IC Cooling Water Temp. Out | Fuel Temp. | LO Temp. TCH In | LO Temp. TCH Out | Fuel Oil Temp. Flow meter In | Engine room Temp. | LO Circulating Pump Press. | Fuel transfer pump Press. | Fresh Cooling Water Press. | Sea Cooling Water Press. | TCH LO pump Press. | Fuel Injector Cooling Oil Press. | Engine Cooling water flow | LO Cooling water flow | Charge Air IC Cooling water flow | TCH LO Cooling water flow | Total Input Energy | Indicated Work No.1 | Indicated Work No.2 | Indicated Work No.3 | Total Indicated work | Effective Work No.1 | Effective Work No.2 | Effective Work No.3 | Total Effective Work | Shaft Torque | Shaft Power | Mechanical Loss | Loss with cooling water | Loss with LO | Loss in Charge Air IC | Loss with TCH LO | Total Heat Loss in Heat Exchangers | Exh.Gas Vol. Flow (From Engine Speed) | Exh. Gas Mass Flow | Exh.Gas Total Power | TCH Power | Exh.Gas Power | Other Loss | Mechanical Efficiency | Indicated Efficiency | Effective Efficiency
Clogged_Injector_Nozzle2_LoadProgram.csv,data\raw\Marine_Engine_Fault_Data\Marine_Engine_Fault_Data\Injector_Nozzle\Clogged_Injector_Nozzle2_LoadProgram.csv,scenario,injection_valve_nozzle_clogging,6793,73,True,0,6791,2,13586,Time_abs | Time_rel | Anomaly State | Engine Speed | Compressor Filter Loss | Turbine Back Pressure | Max. In-Cylinder Press. No.1 | Min. In-Cylinder Press. No.1 | Max. In-Cylinder Press. No.2 | Min. In-Cylinder Press. No.2 | Max. In-Cylinder Press. No.3 | Min. In-Cylinder Press. No.3 | Charge Air Press. | Water Brake Weight | Fuel Flow | No.1 Exh.Gas Temp. | No.2 Exh.Gas Temp. | No.3 Exh.Gas Temp. | Exh.Gas Temp. Turbine In | Exh.Gas Temp. Turbine Out | Cooling Water Temp. Engine In | Cooling Water Temp. Engine Out I | Cooling Water Temp. Engine Out II | Cooling Water Temp. Engine Out III | LO Temp. Engine In | LO Temp. Engine Out | LO Cooling Water Temp. In | LO Cooling Water Temp. Out | Charge Air IC Air Temp. In | Charge Air IC Air Temp. Out | Charge Air IC Cooling Water Temp. In | Charge Air IC Cooling Water Temp. Out | Fuel Temp. | LO Temp. TCH In | LO Temp. TCH Out | Fuel Oil Temp. Flow meter In | Engine room Temp. | LO Circulating Pump Press. | Fuel transfer pump Press. | Fresh Cooling Water Press. | Sea Cooling Water Press. | TCH LO pump Press. | Fuel Injector Cooling Oil Press. | Engine Cooling water flow | LO Cooling water flow | Charge Air IC Cooling water flow | TCH LO Cooling water flow | Total Input Energy | Indicated Work No.1 | Indicated Work No.2 | Indicated Work No.3 | Total Indicated work | Effective Work No.1 | Effective Work No.2 | Effective Work No.3 | Total Effective Work | Shaft Torque | Shaft Power | Mechanical Loss | Loss with cooling water | Loss with LO | Loss in Charge Air IC | Loss with TCH LO | Total Heat Loss in Heat Exchangers | Exh.Gas Vol. Flow (From Engine Speed) | Exh. Gas Mass Flow | Exh.Gas Total Power | TCH Power | Exh.Gas Power | Other Loss | Mechanical Efficiency | Indicated Efficiency | Effective Efficiency
CW_Pump_Cavitation_60_Load.csv,data\raw\Marine_Engine_Fault_Data\Marine_Engine_Fault_Data\Pump_Cavitation\CW_Pump_Cavitation_60_Load.csv,scenario,cooling_water_pump_cavitation,5847,73,True,1380,4465,2,11694,Time_abs | Time_rel | Anomaly State | Engine Speed | Compressor Filter Loss | Turbine Back Pressure | Max. In-Cylinder Press. No.1 | Min. In-Cylinder Press. No.1 | Max. In-Cylinder Press. No.2 | Min. In-Cylinder Press. No.2 | Max. In-Cylinder Press. No.3 | Min. In-Cylinder Press. No.3 | Charge Air Press. | Water Brake Weight | Fuel Flow | No.1 Exh.Gas Temp. | No.2 Exh.Gas Temp. | No.3 Exh.Gas Temp. | Exh.Gas Temp. Turbine In | Exh.Gas Temp. Turbine Out | Cooling Water Temp. Engine In | Cooling Water Temp. Engine Out I | Cooling Water Temp. Engine Out II | Cooling Water Temp. Engine Out III | LO Temp. Engine In | LO Temp. Engine Out | LO Cooling Water Temp. In | LO Cooling Water Temp. Out | Charge Air IC Air Temp. In | Charge Air IC Air Temp. Out | Charge Air IC Cooling Water Temp. In | Charge Air IC Cooling Water Temp. Out | Fuel Temp. | LO Temp. TCH In | LO Temp. TCH Out | Fuel Oil Temp. Flow meter In | Engine room Temp. | LO Circulating Pump Press. | Fuel transfer pump Press. | Fresh Cooling Water Press. | Sea Cooling Water Press. | TCH LO pump Press. | Fuel Injector Cooling Oil Press. | Engine Cooling water flow | LO Cooling water flow | Charge Air IC Cooling water flow | TCH LO Cooling water flow | Total Input Energy | Indicated Work No.1 | Indicated Work No.2 | Indicated Work No.3 | Total Indicated work | Effective Work No.1 | Effective Work No.2 | Effective Work No.3 | Total Effective Work | Shaft Torque | Shaft Power | Mechanical Loss | Loss with cooling water | Loss with LO | Loss in Charge Air IC | Loss with TCH LO | Total Heat Loss in Heat Exchangers | Exh.Gas Vol. Flow (From Engine Speed) | Exh. Gas Mass Flow | Exh.Gas Total Power | TCH Power | Exh.Gas Power | Other Loss | Mechanical Efficiency | Indicated Efficiency | Effective Efficiency
CW_Pump_Cavitation_85_Load.csv,data\raw\Marine_Engine_Fault_Data\Marine_Engine_Fault_Data\Pump_Cavitation\CW_Pump_Cavitation_85_Load.csv,scenario,cooling_water_pump_cavitation,6265,73,True,1554,4709,2,12530,Time_abs | Time_rel | Anomaly State | Engine Speed | Compressor Filter Loss | Turbine Back Pressure | Max. In-Cylinder Press. No.1 | Min. In-Cylinder Press. No.1 | Max. In-Cylinder Press. No.2 | Min. In-Cylinder Press. No.2 | Max. In-Cylinder Press. No.3 | Min. In-Cylinder Press. No.3 | Charge Air Press. | Water Brake Weight | Fuel Flow | No.1 Exh.Gas Temp. | No.2 Exh.Gas Temp. | No.3 Exh.Gas Temp. | Exh.Gas Temp. Turbine In | Exh.Gas Temp. Turbine Out | Cooling Water Temp. Engine In | Cooling Water Temp. Engine Out I | Cooling Water Temp. Engine Out II | Cooling Water Temp. Engine Out III | LO Temp. Engine In | LO Temp. Engine Out | LO Cooling Water Temp. In | LO Cooling Water Temp. Out | Charge Air IC Air Temp. In | Charge Air IC Air Temp. Out | Charge Air IC Cooling Water Temp. In | Charge Air IC Cooling Water Temp. Out | Fuel Temp. | LO Temp. TCH In | LO Temp. TCH Out | Fuel Oil Temp. Flow meter In | Engine room Temp. | LO Circulating Pump Press. | Fuel transfer pump Press. | Fresh Cooling Water Press. | Sea Cooling Water Press. | TCH LO pump Press. | Fuel Injector Cooling Oil Press. | Engine Cooling water flow | LO Cooling water flow | Charge Air IC Cooling water flow | TCH LO Cooling water flow | Total Input Energy | Indicated Work No.1 | Indicated Work No.2 | Indicated Work No.3 | Total Indicated work | Effective Work No.1 | Effective Work No.2 | Effective Work No.3 | Total Effective Work | Shaft Torque | Shaft Power | Mechanical Loss | Loss with cooling water | Loss with LO | Loss in Charge Air IC | Loss with TCH LO | Total Heat Loss in Heat Exchangers | Exh.Gas Vol. Flow (From Engine Speed) | Exh. Gas Mass Flow | Exh.Gas Total Power | TCH Power | Exh.Gas Power | Other Loss | Mechanical Efficiency | Indicated Efficiency | Effective Efficiency
Reference_Data.csv,data\raw\Marine_Engine_Fault_Data\Marine_Engine_Fault_Data\Reference_Data.csv,reference,healthy_reference,25304,70,False,0,0,0,0,Time | Engine Speed | Max. In-Cylinder Press. No.1 | Min. In-Cylinder Press. No.1 | Max. In-Cylinder Press. No.2 | Min. In-Cylinder Press. No.2 | Max. In-Cylinder Press. No.3 | Min. In-Cylinder Press. No.3 | Compressor Filter Loss | Charge Air Press. | Water Brake Weight | Fuel Flow | No.1 Exh.Gas Temp. | No.2 Exh.Gas Temp. | No.3 Exh.Gas Temp. | Exh.Gas Temp. Turbine In | Exh.Gas Temp. Turbine Out | Cooling Water Temp. Engine In | Cooling Water Temp. Engine Out I | Cooling Water Temp. Engine Out II | Cooling Water Temp. Engine Out III | LO Temp. Engine In | LO Temp. Engine Out | LO Cooling Water Temp. In | LO Cooling Water Temp. Out | Charge Air IC Air Temp. In | Charge Air IC Air Temp. Out | Charge Air IC Cooling Water Temp. In | Charge Air IC Cooling Water Temp. Out | Fuel Temp. | LO Temp. TCH In | LO Temp. TCH Out | Fuel Oil Temp. Flow meter In | Engine room Temp. | LO Circulating Pump Press. | Fuel transfer pump Press. | Fresh Cooling Water Press. | Sea Cooling Water Press. | TCH LO pump Press. | Fuel Injector Cooling Oil Press. | Engine Cooling water flow | LO Cooling water flow | Charge Air IC Cooling water flow | TCH LO Cooling water flow | Total Input Energy | Indicated Work No.1 | Indicated Work No.2 | Indicated Work No.3 | Total Indicated work | Effective Work No.1 | Effective Work No.2 | Effective Work No.3 | Total Effective Work | Shaft Torque | Shaft Power | Mechanical Loss | Loss with cooling water | Loss with LO | Loss in Charge Air IC | Loss with TCH LO | Total Heat Loss in Heat Exchangers | Exh.Gas Vol. Flow (From Engine Speed) | Exh. Gas Mass Flow | Exh.Gas Total Power | TCH Power | Exh.Gas Power | Other Loss | Mechanical Efficiency | Indicated Efficiency | Effective Efficiency
Turbine_Degradation_40_Load.csv,data\raw\Marine_Engine_Fault_Data\Marine_Engine_Fault_Data\Turbine_Degradation\Turbine_Degradation_40_Load.csv,scenario,turbine_degradation,6399,73,True,3847,2550,2,4,Time_abs | Time_rel | Anomaly State | Engine Speed | Compressor Filter Loss | Turbine Back Pressure | Max. In-Cylinder Press. No.1 | Min. In-Cylinder Press. No.1 | Max. In-Cylinder Press. No.2 | Min. In-Cylinder Press. No.2 | Max. In-Cylinder Press. No.3 | Min. In-Cylinder Press. No.3 | Charge Air Press. | Water Brake Weight | Fuel Flow | No.1 Exh.Gas Temp. | No.2 Exh.Gas Temp. | No.3 Exh.Gas Temp. | Exh.Gas Temp. Turbine In | Exh.Gas Temp. Turbine Out | Cooling Water Temp. Engine In | Cooling Water Temp. Engine Out I | Cooling Water Temp. Engine Out II | Cooling Water Temp. Engine Out III | LO Temp. Engine In | LO Temp. Engine Out | LO Cooling Water Temp. In | LO Cooling Water Temp. Out | Charge Air IC Air Temp. In | Charge Air IC Air Temp. Out | Charge Air IC Cooling Water Temp. In | Charge Air IC Cooling Water Temp. Out | Fuel Temp. | LO Temp. TCH In | LO Temp. TCH Out | Fuel Oil Temp. Flow meter In | Engine room Temp. | LO Circulating Pump Press. | Fuel transfer pump Press. | Fresh Cooling Water Press. | Sea Cooling Water Press. | TCH LO pump Press. | Fuel Injector Cooling Oil Press. | Engine Cooling water flow | LO Cooling water flow | Charge Air IC Cooling water flow | TCH LO Cooling water flow | Total Input Energy | Indicated Work No.1 | Indicated Work No.2 | Indicated Work No.3 | Total Indicated work | Effective Work No.1 | Effective Work No.2 | Effective Work No.3 | Total Effective Work | Shaft Torque | Shaft Power | Mechanical Loss | Loss with cooling water | Loss with LO | Loss in Charge Air IC | Loss with TCH LO | Total Heat Loss in Heat Exchangers | Exh.Gas Vol. Flow (From Engine Speed) | Exh. Gas Mass Flow | Exh.Gas Total Power | TCH Power | Exh.Gas Power | Other Loss | Mechanical Efficiency | Indicated Efficiency | Effective Efficiency
Turbine_Degradation_60_Load.csv,data\raw\Marine_Engine_Fault_Data\Marine_Engine_Fault_Data\Turbine_Degradation\Turbine_Degradation_60_Load.csv,scenario,turbine_degradation,4907,73,True,2234,2671,2,4,Time_abs | Time_rel | Anomaly State | Engine Speed | Compressor Filter Loss | Turbine Back Pressure | Max. In-Cylinder Press. No.1 | Min. In-Cylinder Press. No.1 | Max. In-Cylinder Press. No.2 | Min. In-Cylinder Press. No.2 | Max. In-Cylinder Press. No.3 | Min. In-Cylinder Press. No.3 | Charge Air Press. | Water Brake Weight | Fuel Flow | No.1 Exh.Gas Temp. | No.2 Exh.Gas Temp. | No.3 Exh.Gas Temp. | Exh.Gas Temp. Turbine In | Exh.Gas Temp. Turbine Out | Cooling Water Temp. Engine In | Cooling Water Temp. Engine Out I | Cooling Water Temp. Engine Out II | Cooling Water Temp. Engine Out III | LO Temp. Engine In | LO Temp. Engine Out | LO Cooling Water Temp. In | LO Cooling Water Temp. Out | Charge Air IC Air Temp. In | Charge Air IC Air Temp. Out | Charge Air IC Cooling Water Temp. In | Charge Air IC Cooling Water Temp. Out | Fuel Temp. | LO Temp. TCH In | LO Temp. TCH Out | Fuel Oil Temp. Flow meter In | Engine room Temp. | LO Circulating Pump Press. | Fuel transfer pump Press. | Fresh Cooling Water Press. | Sea Cooling Water Press. | TCH LO pump Press. | Fuel Injector Cooling Oil Press. | Engine Cooling water flow | LO Cooling water flow | Charge Air IC Cooling water flow | TCH LO Cooling water flow | Total Input Energy | Indicated Work No.1 | Indicated Work No.2 | Indicated Work No.3 | Total Indicated work | Effective Work No.1 | Effective Work No.2 | Effective Work No.3 | Total Effective Work | Shaft Torque | Shaft Power | Mechanical Loss | Loss with cooling water | Loss with LO | Loss in Charge Air IC | Loss with TCH LO | Total Heat Loss in Heat Exchangers | Exh.Gas Vol. Flow (From Engine Speed) | Exh. Gas Mass Flow | Exh.Gas Total Power | TCH Power | Exh.Gas Power | Other Loss | Mechanical Efficiency | Indicated Efficiency | Effective Efficiency
Turbine_Degradation_85_Load.csv,data\raw\Marine_Engine_Fault_Data\Marine_Engine_Fault_Data\Turbine_Degradation\Turbine_Degradation_85_Load.csv,scenario,turbine_degradation,5291,73,True,2664,2625,2,4,Time_abs | Time_rel | Anomaly State | Engine Speed | Compressor Filter Loss | Turbine Back Pressure | Max. In-Cylinder Press. No.1 | Min. In-Cylinder Press. No.1 | Max. In-Cylinder Press. No.2 | Min. In-Cylinder Press. No.2 | Max. In-Cylinder Press. No.3 | Min. In-Cylinder Press. No.3 | Charge Air Press. | Water Brake Weight | Fuel Flow | No.1 Exh.Gas Temp. | No.2 Exh.Gas Temp. | No.3 Exh.Gas Temp. | Exh.Gas Temp. Turbine In | Exh.Gas Temp. Turbine Out | Cooling Water Temp. Engine In | Cooling Water Temp. Engine Out I | Cooling Water Temp. Engine Out II | Cooling Water Temp. Engine Out III | LO Temp. Engine In | LO Temp. Engine Out | LO Cooling Water Temp. In | LO Cooling Water Temp. Out | Charge Air IC Air Temp. In | Charge Air IC Air Temp. Out | Charge Air IC Cooling Water Temp. In | Charge Air IC Cooling Water Temp. Out | Fuel Temp. | LO Temp. TCH In | LO Temp. TCH Out | Fuel Oil Temp. Flow meter In | Engine room Temp. | LO Circulating Pump Press. | Fuel transfer pump Press. | Fresh Cooling Water Press. | Sea Cooling Water Press. | TCH LO pump Press. | Fuel Injector Cooling Oil Press. | Engine Cooling water flow | LO Cooling water flow | Charge Air IC Cooling water flow | TCH LO Cooling water flow | Total Input Energy | Indicated Work No.1 | Indicated Work No.2 | Indicated Work No.3 | Total Indicated work | Effective Work No.1 | Effective Work No.2 | Effective Work No.3 | Total Effective Work | Shaft Torque | Shaft Power | Mechanical Loss | Loss with cooling water | Loss with LO | Loss in Charge Air IC | Loss with TCH LO | Total Heat Loss in Heat Exchangers | Exh.Gas Vol. Flow (From Engine Speed) | Exh. Gas Mass Flow | Exh.Gas Total Power | TCH Power | Exh.Gas Power | Other Loss | Mechanical Efficiency | Indicated Efficiency | Effective Efficiency
